item,qty,spec,supplier,unit_cost_usd,make_buy,notes
1 Bank post weldment,1,"Steel tube 48.3 x 3.2 mm (S235 or S355) 992 mm long; foot plate 350 x 350 x 8 mm; ground spike from 20 mm round bar 400 mm long with a ground point; cap disc 60 mm from 8 mm plate; pad eye 8 mm plate 84 x 100 mm with an 18 mm hole; two stay lugs 8 mm plate 84 x 80 mm with 15 mm holes; cleat bar 130 x 500 x 8 mm flat with a 48.9 mm hole, four 9 mm holes and a 15 mm tie-off hole; zinc-rich paint",Local steel stockholder,32.00,make,Indicative material price; 17.2 kg from cad/src/model.py; MIG or 2.5 mm stick welds
2 Far stake,1,"Steel tube 76.1 x 3.6 mm (S355, EN 10219) 3,850 mm long; welded cone point 150 mm long from 4 mm plate; 6 mm cap disc; five 12.5 mm cross holes at 200 mm pitch for the stop pin; zinc-rich paint",Local steel stockholder,48.00,make,"Indicative; 26.8 kg; driven 2.5 m into the bed from a boat (BKH-CAL-001 E); where a hand vane reads under 10 kPa, cut the tube 4,850 mm (5.0 m overall, 33.2 kg, about USD 12 more) and drive 3.5 m (BKH-DDR-003)"
3 Swivel collar,1,"Steel tube 88.9 x 3.2 mm, 200 mm long, turns freely on the stake; lug 8 mm plate 60 x 80 mm with an 18 mm hole, welded on",Local steel stockholder,8.00,make,Indicative; 1.6 kg
4 Clearing table,1,"Hardwood or treated softwood: four legs 50 x 50 x 750 mm; two long rails 75 x 25 x 1,150 mm; two end rails 50 x 75 x 475 mm; five top boards 100 x 25 x 1,200 mm with 25 mm gaps; two lip boards 25 x 75 x 1,200 mm; 50 mm galvanised screws",Local timber yard,35.00,make,Indicative; 26.4 kg; top 850 mm high
5 Back-stays,2,"10 mm three-strand polyester rope, 1.8 m each with a thimbled eye splice at each end (minimum breaking strength 22 kN)",Chandlery or fishing supplier,3.50,make,Made from bought rope; 4 m bought for two
6 Rope loop,1,"12 mm floating polypropylene and polyethylene blend rope (polysteel), UV stabilised, minimum breaking strength 20 kN; 120 m coil cut into two halves of 55 m with an eye splice at one end of each, 10 m spare",Fishing supplier or chandlery,54.00,make,Made from bought rope; the loop for a 30 m span uses about 61 m; halves cut long so the span can grow to 50 m
7 Net bridles with weak links,2,"6 mm polyester cord bridle 1.5 m; weak link of braided cord calibrated to release at 500 to 700 N (about 1.5 mm braided polyester, to be chosen by test); stainless snap hook 60 mm",Fishing supplier,3.00,make,One at each end of the net; cord for test samples included
8 Swivel blocks,2,"Single-sheave block with swivel eye, 100 mm sheave for 12 mm rope, galvanised or stainless cheeks, nylon sheave on a bushed pin, working load limit at least 500 kg",Chandlery or rigging supplier,22.00,buy,Indicative; about 1.1 kg each; near block and far block
9 Swivel rings,2,"Eye-to-eye swivel, galvanised or stainless, 10 mm, working load limit at least 500 kg, eyes at least 25 mm inside",Rigging or fishing supplier,7.00,buy,Indicative; join the two loop halves and serve as clip rings and end stops
10 Jam cleats,2,"V-jam cleat for 10 to 14 mm rope, cast aluminium or glass-filled nylon, two 8 mm fixing holes about 60 mm apart",Chandlery,9.00,buy,Indicative
11 Screw ground anchors,2,"Helical ground anchor, single 250 mm helix, 20 mm galvanised rod 1.6 m long with a forged eye",Fencing or utility hardware supplier,38.00,buy,Indicative; 7.2 kg each; set in line with the stay (BKH-CAL-001 D)
12 Turnbuckles,2,"Rated jaw-and-jaw turnbuckle M12, drop forged, galvanised, working load limit at least 500 kg, take-up 150 mm",Rigging supplier,6.00,buy,Indicative
13 Shackles,6,"Bow shackle 10 mm, galvanised, rated, working load limit at least 750 kg, screw pin (mouse with wire)",Rigging supplier,2.50,buy,Indicative; two at the blocks, two at the stay lugs, two at the anchor eyes
14 Stop pin bolts,2,"Stainless bolt M12 x 100 with nyloc nut and two washers; one fitted, one spare",Hardware store,2.00,buy,Indicative
15 Fixings,1,"Four M8 x 50 stainless bolts with nyloc nuts and washers for the jam cleats; two 2 m lengths of 3 mm whipping twine; tape",Hardware store,3.00,buy,Indicative
16 Rope work kit,1,"Splicing fid for 12 mm rope, sharp knife, whipping twine, lighter",Chandlery,6.00,buy,Indicative; used for the loop and stay splices
17 Stake driving cap,1,"Steel tube 88.9 x 3.2 mm 300 mm long with a 10 mm cap plate and two 20 mm handles; fits over the stake top for a post driver or sledge",Local steel stockholder,10.00,make,Tool; not part of the station
